Timestamp,UTC,Callsign,Position,Altitude,Speed,Direction
1727767562,2024-10-01T07:26:02Z,UAE348,"1.363969,103.990044",0,0,292
1727767667,2024-10-01T07:27:47Z,UAE348,"1.363712,103.99073",0,0,300
1727767695,2024-10-01T07:28:15Z,UAE348,"1.363609,103.99102",0,2,351
1727767787,2024-10-01T07:29:47Z,UAE348,"1.363781,103.991264",0,1,22
1727768114,2024-10-01T07:35:14Z,UAE348,"1.365086,103.995804",0,0,112
1727768372,2024-10-01T07:39:32Z,UAE348,"1.363369,103.998795",0,10,163
1727768381,2024-10-01T07:39:41Z,UAE348,"1.362968,103.99884",0,10,171
1727768431,2024-10-01T07:40:31Z,UAE348,"1.359162,103.997803",0,0,202
1727768465,2024-10-01T07:41:05Z,UAE348,"1.340332,103.989861",325,169,203
1727768474,2024-10-01T07:41:14Z,UAE348,"1.333969,103.987228",575,170,202
1727768483,2024-10-01T07:41:23Z,UAE348,"1.327344,103.984413",875,172,203
1727768493,2024-10-01T07:41:33Z,UAE348,"1.32074,103.98159",1225,172,203
1727768501,2024-10-01T07:41:41Z,UAE348,"1.31389,103.978638",1550,174,203
1727768511,2024-10-01T07:41:51Z,UAE348,"1.307001,103.9757",1850,176,203
1727768520,2024-10-01T07:42:00Z,UAE348,"1.300232,103.972794",2225,176,203
1727768529,2024-10-01T07:42:09Z,UAE348,"1.293365,103.969955",2575,175,202
1727768538,2024-10-01T07:42:18Z,UAE348,"1.286728,103.967163",2850,178,202
1727768547,2024-10-01T07:42:27Z,UAE348,"1.279581,103.964142",3175,180,203
1727768556,2024-10-01T07:42:36Z,UAE348,"1.272675,103.96125",3500,181,202
1727768565,2024-10-01T07:42:45Z,UAE348,"1.265442,103.958221",3850,181,202
1727768574,2024-10-01T07:42:54Z,UAE348,"1.258633,103.955338",4150,181,203
1727768583,2024-10-01T07:43:03Z,UAE348,"1.25179,103.952446",4450,183,202
1727768592,2024-10-01T07:43:12Z,UAE348,"1.244064,103.949287",4650,192,202
1727768598,2024-10-01T07:43:18Z,UAE348,"1.238895,103.947472",4750,201,197
1727768601,2024-10-01T07:43:21Z,UAE348,"1.236148,103.946861",4800,204,194
1727768604,2024-10-01T07:43:24Z,UAE348,"1.23317,103.946541",4825,207,188
1727768607,2024-10-01T07:43:27Z,UAE348,"1.230608,103.946434",4850,212,182
1727768610,2024-10-01T07:43:30Z,UAE348,"1.22699,103.946815",4875,218,174
1727768613,2024-10-01T07:43:33Z,UAE348,"1.223951,103.947472",4900,222,168
1727768616,2024-10-01T07:43:36Z,UAE348,"1.221065,103.948471",4950,226,163
1727768619,2024-10-01T07:43:39Z,UAE348,"1.218201,103.949799",5000,229,157
1727768622,2024-10-01T07:43:42Z,UAE348,"1.215454,103.951424",5075,233,151
1727768625,2024-10-01T07:43:45Z,UAE348,"1.21257,103.953476",5150,237,143
1727768628,2024-10-01T07:43:48Z,UAE348,"1.210172,103.95562",5200,237,143
1727768631,2024-10-01T07:43:51Z,UAE348,"1.207764,103.95813",5250,245,134
1727768634,2024-10-01T07:43:54Z,UAE348,"1.205887,103.960503",5325,248,128
1727768637,2024-10-01T07:43:57Z,UAE348,"1.203562,103.964188",5425,252,121
1727768640,2024-10-01T07:44:00Z,UAE348,"1.202179,103.967018",5475,256,116
1727768643,2024-10-01T07:44:03Z,UAE348,"1.200629,103.970917",5550,260,110
1727768646,2024-10-01T07:44:06Z,UAE348,"1.199698,103.974419",5575,264,105
1727768649,2024-10-01T07:44:09Z,UAE348,"1.199046,103.97802",5625,269,100
1727768653,2024-10-01T07:44:13Z,UAE348,"1.198792,103.981125",5675,272,94
1727768655,2024-10-01T07:44:15Z,UAE348,"1.198813,103.985504",5750,277,89
1727768658,2024-10-01T07:44:18Z,UAE348,"1.199279,103.989571",5825,277,84
1727768662,2024-10-01T07:44:22Z,UAE348,"1.199977,103.99308",5900,281,78
1727768665,2024-10-01T07:44:25Z,UAE348,"1.201126,103.997002",5975,283,74
1727768668,2024-10-01T07:44:28Z,UAE348,"1.202444,104.000465",6025,285,69
1727768671,2024-10-01T07:44:31Z,UAE348,"1.204422,104.004639",6075,285,64
1727768674,2024-10-01T07:44:34Z,UAE348,"1.206494,104.007996",6100,286,59
1727768676,2024-10-01T07:44:36Z,UAE348,"1.208589,104.01088",6150,285,56
1727768679,2024-10-01T07:44:39Z,UAE348,"1.211197,104.013855",6175,285,49
1727768683,2024-10-01T07:44:43Z,UAE348,"1.214493,104.017021",6175,285,44
1727768686,2024-10-01T07:44:46Z,UAE348,"1.217574,104.019455",6175,285,39
1727768689,2024-10-01T07:44:49Z,UAE348,"1.220856,104.021629",6175,285,34
1727768692,2024-10-01T07:44:52Z,UAE348,"1.22451,104.023575",6175,284,30
1727768694,2024-10-01T07:44:54Z,UAE348,"1.227448,104.025024",6175,284,26
1727768698,2024-10-01T07:44:58Z,UAE348,"1.231293,104.026749",6175,284,24
1727768701,2024-10-01T07:45:01Z,UAE348,"1.235264,104.02845",6175,284,22
1727768703,2024-10-01T07:45:03Z,UAE348,"1.238476,104.029686",6175,286,22
1727768706,2024-10-01T07:45:06Z,UAE348,"1.242462,104.031219",6175,284,21
1727768710,2024-10-01T07:45:10Z,UAE348,"1.24625,104.032669",6175,284,20
1727768713,2024-10-01T07:45:13Z,UAE348,"1.249835,104.033989",6175,284,20
1727768715,2024-10-01T07:45:15Z,UAE348,"1.253036,104.035126",6175,284,20
1727768719,2024-10-01T07:45:19Z,UAE348,"1.257568,104.036758",6175,284,20
1727768722,2024-10-01T07:45:22Z,UAE348,"1.261414,104.038155",6175,285,20
1727768737,2024-10-01T07:45:37Z,UAE348,"1.280365,104.045135",6300,287,20
1727768752,2024-10-01T07:45:52Z,UAE348,"1.299545,104.050674",6975,287,11
1727768755,2024-10-01T07:45:55Z,UAE348,"1.302933,104.051277",7100,287,9
1727768758,2024-10-01T07:45:58Z,UAE348,"1.307602,104.051933",7250,287,8
1727768761,2024-10-01T07:46:01Z,UAE348,"1.311768,104.052399",7400,287,6
1727768764,2024-10-01T07:46:04Z,UAE348,"1.315247,104.052681",7500,288,4
1727768767,2024-10-01T07:46:07Z,UAE348,"1.319366,104.052727",7650,290,2
1727768770,2024-10-01T07:46:10Z,UAE348,"1.323807,104.052628",7775,290,358
1727768773,2024-10-01T07:46:13Z,UAE348,"1.327927,104.052261",7900,289,355
1727768776,2024-10-01T07:46:16Z,UAE348,"1.331543,104.05175",8000,290,353
1727768779,2024-10-01T07:46:19Z,UAE348,"1.336121,104.050865",8150,291,348
1727768782,2024-10-01T07:46:22Z,UAE348,"1.339447,104.050049",8250,291,346
1727768785,2024-10-01T07:46:25Z,UAE348,"1.343684,104.048676",8400,291,343
1727768788,2024-10-01T07:46:28Z,UAE348,"1.346989,104.047539",8500,292,341
1727768791,2024-10-01T07:46:31Z,UAE348,"1.351365,104.045975",8650,294,340
1727768794,2024-10-01T07:46:34Z,UAE348,"1.355392,104.044533",8800,293,340
1727768797,2024-10-01T07:46:37Z,UAE348,"1.359093,104.043182",8950,293,340
1727768800,2024-10-01T07:46:40Z,UAE348,"1.3629,104.041832",9075,293,340
1727768803,2024-10-01T07:46:43Z,UAE348,"1.367249,104.040245",9200,294,339
1727768818,2024-10-01T07:46:58Z,UAE348,"1.386652,104.033043",9825,298,339
1727768834,2024-10-01T07:47:14Z,UAE348,"1.406433,104.025681",10400,302,339
1727768848,2024-10-01T07:47:28Z,UAE348,"1.426254,104.018272",10975,310,339
1727768864,2024-10-01T07:47:44Z,UAE348,"1.447821,104.01107",11225,329,342
1727768879,2024-10-01T07:47:59Z,UAE348,"1.470632,104.003922",11500,350,342
1727768894,2024-10-01T07:48:14Z,UAE348,"1.494919,103.996254",11875,367,342
1727768909,2024-10-01T07:48:29Z,UAE348,"1.519977,103.988342",12275,384,342
1727768939,2024-10-01T07:48:59Z,UAE348,"1.573013,103.971306",13500,405,341
1727768972,2024-10-01T07:49:32Z,UAE348,"1.63389,103.951645",15100,415,341
1727769005,2024-10-01T07:50:05Z,UAE348,"1.694781,103.931992",16625,423,342
1727769038,2024-10-01T07:50:38Z,UAE348,"1.75827,103.914421",18075,431,348
1727769048,2024-10-01T07:50:48Z,UAE348,"1.776718,103.911438",18425,433,351
1727769050,2024-10-01T07:50:50Z,UAE348,"1.781275,103.910919",18525,434,352
1727769054,2024-10-01T07:50:54Z,UAE348,"1.78877,103.910156",18675,435,354
1727769057,2024-10-01T07:50:57Z,UAE348,"1.795212,103.909668",18800,436,355
1727769059,2024-10-01T07:50:59Z,UAE348,"1.798546,103.9095",18850,436,356
1727769063,2024-10-01T07:51:03Z,UAE348,"1.806273,103.909119",19000,437,357
1727769065,2024-10-01T07:51:05Z,UAE348,"1.811441,103.908928",19100,437,357
1727769099,2024-10-01T07:51:39Z,UAE348,"1.881729,103.90683",20375,450,357
1727769129,2024-10-01T07:52:09Z,UAE348,"1.944946,103.903709",21325,464,357
1727769162,2024-10-01T07:52:42Z,UAE348,"2.017807,103.900833",22400,471,357
1727769198,2024-10-01T07:53:18Z,UAE348,"2.095688,103.897705",23675,478,357
1727769229,2024-10-01T07:53:49Z,UAE348,"2.164819,103.895004",24025,479,357
1727769262,2024-10-01T07:54:22Z,UAE348,"2.238697,103.891975",24000,476,357
1727769295,2024-10-01T07:54:55Z,UAE348,"2.311365,103.888847",24250,473,357
1727769328,2024-10-01T07:55:28Z,UAE348,"2.383707,103.885818",24775,470,357
1727769361,2024-10-01T07:56:01Z,UAE348,"2.457962,103.882858",25325,484,357
1727769395,2024-10-01T07:56:35Z,UAE348,"2.5345,103.880112",25825,491,357
1727769425,2024-10-01T07:57:05Z,UAE348,"2.602386,103.877922",26025,488,358
1727769458,2024-10-01T07:57:38Z,UAE348,"2.678057,103.875687",26000,486,358
1727769491,2024-10-01T07:58:11Z,UAE348,"2.75268,103.873459",26000,486,358
1727769525,2024-10-01T07:58:45Z,UAE348,"2.827377,103.871033",26000,486,358
1727769555,2024-10-01T07:59:15Z,UAE348,"2.895721,103.86898",26000,486,358
1727769588,2024-10-01T07:59:48Z,UAE348,"2.969376,103.866791",26000,484,358
1727769622,2024-10-01T08:00:22Z,UAE348,"3.046146,103.864655",26000,485,358
1727769654,2024-10-01T08:00:54Z,UAE348,"3.117325,103.862465",26025,487,358
1727769688,2024-10-01T08:01:28Z,UAE348,"3.196742,103.859871",27150,490,357
1727769718,2024-10-01T08:01:58Z,UAE348,"3.265732,103.857483",28175,494,358
1727769751,2024-10-01T08:02:31Z,UAE348,"3.341858,103.854691",29325,496,357
1727769778,2024-10-01T08:02:58Z,UAE348,"3.404022,103.858414",29800,504,7
1727769787,2024-10-01T08:03:07Z,UAE348,"3.425453,103.861382",29950,509,8
1727769790,2024-10-01T08:03:10Z,UAE348,"3.432312,103.862373",29975,509,8
1727769823,2024-10-01T08:03:43Z,UAE348,"3.508968,103.873177",30025,506,7
1727769857,2024-10-01T08:04:17Z,UAE348,"3.586291,103.884254",31300,500,8
1727769889,2024-10-01T08:04:49Z,UAE348,"3.661102,103.894867",32850,488,7
1727769923,2024-10-01T08:05:23Z,UAE348,"3.735491,103.904808",34175,481,7
1727769953,2024-10-01T08:05:53Z,UAE348,"3.802597,103.913902",35250,476,7
1727769987,2024-10-01T08:06:27Z,UAE348,"3.875567,103.923798",36175,474,7
1727770020,2024-10-01T08:07:00Z,UAE348,"3.946655,103.933083",37175,470,7
1727770050,2024-10-01T08:07:30Z,UAE348,"4.01326,103.943184",37775,470,10
1727770084,2024-10-01T08:08:04Z,UAE348,"4.083298,103.96167",38000,472,18
1727770117,2024-10-01T08:08:37Z,UAE348,"4.15111,103.986115",38000,471,20
1727770146,2024-10-01T08:09:06Z,UAE348,"4.212021,104.008545",38000,470,20
1727770180,2024-10-01T08:09:40Z,UAE348,"4.279408,104.033096",38000,468,19
1727770213,2024-10-01T08:10:13Z,UAE348,"4.348771,104.057999",38000,467,19
1727770246,2024-10-01T08:10:46Z,UAE348,"4.4152,104.08168",38000,468,19
1727770279,2024-10-01T08:11:19Z,UAE348,"4.485992,104.101555",38000,471,11
1727770288,2024-10-01T08:11:28Z,UAE348,"4.504208,104.104362",38000,471,8
1727770298,2024-10-01T08:11:38Z,UAE348,"4.527008,104.106628",38000,474,4
1727770305,2024-10-01T08:11:45Z,UAE348,"4.541915,104.1073",38000,474,2
1727770335,2024-10-01T08:12:15Z,UAE348,"4.607415,104.108009",38000,475,1
1727770368,2024-10-01T08:12:48Z,UAE348,"4.681412,104.10817",38000,475,1
1727770402,2024-10-01T08:13:22Z,UAE348,"4.755358,104.108437",38000,475,1
1727770435,2024-10-01T08:13:55Z,UAE348,"4.82872,104.109055",38000,474,1
1727770468,2024-10-01T08:14:28Z,UAE348,"4.901825,104.109795",38000,474,1
1727770499,2024-10-01T08:14:59Z,UAE348,"4.969116,104.110588",38000,472,1
1727770532,2024-10-01T08:15:32Z,UAE348,"5.041421,104.11132",38000,470,1
1727770566,2024-10-01T08:16:06Z,UAE348,"5.114648,104.112129",38000,472,1
1727770596,2024-10-01T08:16:36Z,UAE348,"5.181171,104.112793",38000,472,1
1727770629,2024-10-01T08:17:09Z,UAE348,"5.253932,104.113594",38000,473,1
1727770663,2024-10-01T08:17:43Z,UAE348,"5.327637,104.114357",38000,473,1
1727770696,2024-10-01T08:18:16Z,UAE348,"5.400467,104.115105",38000,473,1
1727770726,2024-10-01T08:18:46Z,UAE348,"5.466908,104.115822",38000,473,1
1727770760,2024-10-01T08:19:20Z,UAE348,"5.540228,104.116531",38000,473,1
1727770793,2024-10-01T08:19:53Z,UAE348,"5.613281,104.117249",38000,474,1
1727770826,2024-10-01T08:20:26Z,UAE348,"5.68634,104.118034",38000,474,1
1727770856,2024-10-01T08:20:56Z,UAE348,"5.752487,104.118736",38000,474,1
1727770889,2024-10-01T08:21:29Z,UAE348,"5.825593,104.119423",38000,474,1
1727770923,2024-10-01T08:22:03Z,UAE348,"5.899472,104.120224",38000,476,1
1727770953,2024-10-01T08:22:33Z,UAE348,"5.966446,104.120972",38000,477,1
1727770986,2024-10-01T08:23:06Z,UAE348,"6.039594,104.121742",38000,477,1
1727771020,2024-10-01T08:23:40Z,UAE348,"6.114031,104.122406",38000,475,1
1727771050,2024-10-01T08:24:10Z,UAE348,"6.180229,104.123161",38000,474,1
1727771083,2024-10-01T08:24:43Z,UAE348,"6.253269,104.124016",38000,474,1
1727771117,2024-10-01T08:25:17Z,UAE348,"6.326775,104.124771",38000,473,1
1727771150,2024-10-01T08:25:50Z,UAE348,"6.399489,104.125526",38000,473,1
1727771180,2024-10-01T08:26:20Z,UAE348,"6.466897,104.12619",38000,474,1
1727771213,2024-10-01T08:26:53Z,UAE348,"6.539795,104.126884",38000,475,1
1727771244,2024-10-01T08:27:24Z,UAE348,"6.60759,104.127533",38000,475,1
1727771278,2024-10-01T08:27:58Z,UAE348,"6.681177,104.128372",38000,475,1
1727771310,2024-10-01T08:28:30Z,UAE348,"6.753706,104.129128",38000,475,1
1727771341,2024-10-01T08:29:01Z,UAE348,"6.821113,104.129837",38000,475,1
1727771374,2024-10-01T08:29:34Z,UAE348,"6.894154,104.130547",38000,473,1
1727771408,2024-10-01T08:30:08Z,UAE348,"6.967986,104.13121",38000,473,1
1727771438,2024-10-01T08:30:38Z,UAE348,"7.034043,104.129745",38000,474,357
1727771471,2024-10-01T08:31:11Z,UAE348,"7.107642,104.126099",38000,473,356
1727771505,2024-10-01T08:31:45Z,UAE348,"7.181288,104.122261",38000,473,357
1727771535,2024-10-01T08:32:15Z,UAE348,"7.247864,104.120827",38000,471,1
1727771567,2024-10-01T08:32:47Z,UAE348,"7.31601,104.127945",38000,467,8
1727771597,2024-10-01T08:33:17Z,UAE348,"7.380798,104.139824",38000,467,11
1727771630,2024-10-01T08:33:50Z,UAE348,"7.449382,104.154747",38000,466,12
1727771661,2024-10-01T08:34:21Z,UAE348,"7.51544,104.170044",38000,466,13
1727771691,2024-10-01T08:34:51Z,UAE348,"7.57903,104.185715",38000,464,16
1727771723,2024-10-01T08:35:23Z,UAE348,"7.643179,104.210907",38000,462,22
1727771755,2024-10-01T08:35:55Z,UAE348,"7.705444,104.237167",38000,463,22
1727771786,2024-10-01T08:36:26Z,UAE348,"7.767846,104.263474",38000,463,22
1727771817,2024-10-01T08:36:57Z,UAE348,"7.829407,104.289398",38000,464,22
1727771848,2024-10-01T08:37:28Z,UAE348,"7.890883,104.315376",38000,465,22
1727771879,2024-10-01T08:37:59Z,UAE348,"7.953729,104.339905",38000,466,19
1727771910,2024-10-01T08:38:30Z,UAE348,"8.018111,104.359512",38000,468,14
1727771942,2024-10-01T08:39:02Z,UAE348,"8.085519,104.374092",38000,470,11
1727771973,2024-10-01T08:39:33Z,UAE348,"8.151949,104.387733",38000,471,11
1727772007,2024-10-01T08:40:07Z,UAE348,"8.225454,104.403122",38000,472,11
1727772043,2024-10-01T08:40:43Z,UAE348,"8.300903,104.419373",38000,472,12
1727772073,2024-10-01T08:41:13Z,UAE348,"8.366554,104.433617",38000,473,12
1727772107,2024-10-01T08:41:47Z,UAE348,"8.438524,104.449249",38000,473,12
1727772140,2024-10-01T08:42:20Z,UAE348,"8.510587,104.464966",38000,472,12
1727772173,2024-10-01T08:42:53Z,UAE348,"8.580551,104.478027",38000,473,5
1727772179,2024-10-01T08:42:59Z,UAE348,"8.594521,104.478653",38000,476,1
1727772182,2024-10-01T08:43:02Z,UAE348,"8.601411,104.478607",38000,476,1
1727772186,2024-10-01T08:43:06Z,UAE348,"8.609161,104.478348",38000,477,358
1727772189,2024-10-01T08:43:09Z,UAE348,"8.616623,104.477791",38000,479,356
1727772192,2024-10-01T08:43:12Z,UAE348,"8.622528,104.477234",38000,480,354
1727772195,2024-10-01T08:43:15Z,UAE348,"8.630412,104.476242",38000,480,353
1727772198,2024-10-01T08:43:18Z,UAE348,"8.637405,104.475281",38000,481,352
1727772201,2024-10-01T08:43:21Z,UAE348,"8.644145,104.474251",38000,482,351
1727772204,2024-10-01T08:43:24Z,UAE348,"8.651082,104.47316",38000,482,351
1727772208,2024-10-01T08:43:28Z,UAE348,"8.658018,104.472023",38000,482,351
1727772238,2024-10-01T08:43:58Z,UAE348,"8.72631,104.461563",38000,483,351
1727772269,2024-10-01T08:44:29Z,UAE348,"8.794327,104.450653",38000,484,350
1727772301,2024-10-01T08:45:01Z,UAE348,"8.864639,104.439667",38000,481,351
1727772332,2024-10-01T08:45:32Z,UAE348,"8.933887,104.42865",38000,481,350
1727772366,2024-10-01T08:46:06Z,UAE348,"9.008057,104.416718",38000,480,350
1727772400,2024-10-01T08:46:40Z,UAE348,"9.082672,104.409126",38000,476,359
1727772406,2024-10-01T08:46:46Z,UAE348,"9.096863,104.409637",38000,474,2
1727772409,2024-10-01T08:46:49Z,UAE348,"9.102685,104.410034",38000,473,3
1727772412,2024-10-01T08:46:52Z,UAE348,"9.110458,104.410713",38000,473,4
1727772415,2024-10-01T08:46:55Z,UAE348,"9.116272,104.411407",38000,473,5
1727772418,2024-10-01T08:46:58Z,UAE348,"9.123505,104.412384",38000,473,7
1727772421,2024-10-01T08:47:01Z,UAE348,"9.130188,104.41346",38000,472,9
1727772424,2024-10-01T08:47:04Z,UAE348,"9.135635,104.414482",38000,471,9
1727772428,2024-10-01T08:47:08Z,UAE348,"9.143326,104.416061",38000,471,11
1727772430,2024-10-01T08:47:10Z,UAE348,"9.149185,104.417412",38000,470,12
1727772434,2024-10-01T08:47:14Z,UAE348,"9.156006,104.419182",38000,470,14
1727772437,2024-10-01T08:47:17Z,UAE348,"9.162689,104.421043",38000,469,15
1727772439,2024-10-01T08:47:19Z,UAE348,"9.167997,104.42263",38000,469,16
1727772443,2024-10-01T08:47:23Z,UAE348,"9.175323,104.424812",38000,469,16
1727772446,2024-10-01T08:47:26Z,UAE348,"9.181265,104.426567",38000,469,16
1727772476,2024-10-01T08:47:56Z,UAE348,"9.245228,104.445885",37600,466,16
1727772508,2024-10-01T08:48:28Z,UAE348,"9.310501,104.46611",36800,468,17
1727772538,2024-10-01T08:48:58Z,UAE348,"9.374222,104.485611",36000,472,16
1727772570,2024-10-01T08:49:30Z,UAE348,"9.440277,104.505585",35175,476,16
1727772601,2024-10-01T08:50:01Z,UAE348,"9.5062,104.525444",34325,481,16
1727772634,2024-10-01T08:50:34Z,UAE348,"9.577881,104.547112",33450,484,16
1727772664,2024-10-01T08:51:04Z,UAE348,"9.643156,104.566734",32850,482,16
1727772698,2024-10-01T08:51:38Z,UAE348,"9.714707,104.588326",31950,484,16
1727772728,2024-10-01T08:52:08Z,UAE348,"9.780346,104.60817",30925,490,16
1727772761,2024-10-01T08:52:41Z,UAE348,"9.85318,104.630249",29750,483,16
1727772792,2024-10-01T08:53:12Z,UAE348,"9.919189,104.650269",28475,479,16
1727772825,2024-10-01T08:53:45Z,UAE348,"9.988861,104.671356",27300,469,16
1727772858,2024-10-01T08:54:18Z,UAE348,"10.056244,104.69175",26125,462,16
1727772890,2024-10-01T08:54:50Z,UAE348,"10.121475,104.711578",24925,457,16
1727772920,2024-10-01T08:55:20Z,UAE348,"10.182632,104.730103",23775,452,16
1727772954,2024-10-01T08:55:54Z,UAE348,"10.249871,104.750473",22525,449,16
1727772984,2024-10-01T08:56:24Z,UAE348,"10.311127,104.769073",21475,442,16
1727773016,2024-10-01T08:56:56Z,UAE348,"10.372421,104.787689",20350,437,16
1727773047,2024-10-01T08:57:27Z,UAE348,"10.432159,104.805801",19375,431,16
1727773077,2024-10-01T08:57:57Z,UAE348,"10.490268,104.823402",18400,423,16
1727773111,2024-10-01T08:58:31Z,UAE348,"10.553719,104.842773",17325,416,16
1727773145,2024-10-01T08:59:05Z,UAE348,"10.615494,104.861519",16275,409,16
1727773175,2024-10-01T08:59:35Z,UAE348,"10.670334,104.878235",15275,405,16
1727773209,2024-10-01T09:00:09Z,UAE348,"10.730118,104.896416",14275,397,16
1727773240,2024-10-01T09:00:40Z,UAE348,"10.784431,104.912979",13325,390,16
1727773270,2024-10-01T09:01:10Z,UAE348,"10.837966,104.927284",12400,385,12
1727773303,2024-10-01T09:01:43Z,UAE348,"10.89386,104.937431",11875,366,8
1727773315,2024-10-01T09:01:55Z,UAE348,"10.913818,104.940361",11700,360,7
1727773330,2024-10-01T09:02:10Z,UAE348,"10.938721,104.94368",11525,349,7
1727773346,2024-10-01T09:02:26Z,UAE348,"10.963611,104.9468",11350,341,6
1727773361,2024-10-01T09:02:41Z,UAE348,"10.985397,104.949402",11200,332,6
1727773374,2024-10-01T09:02:54Z,UAE348,"11.00679,104.952011",11075,323,6
1727773386,2024-10-01T09:03:06Z,UAE348,"11.024315,104.954178",10950,317,7
1727773402,2024-10-01T09:03:22Z,UAE348,"11.047032,104.956924",10725,310,6
1727773414,2024-10-01T09:03:34Z,UAE348,"11.063791,104.959045",10525,307,7
1727773429,2024-10-01T09:03:49Z,UAE348,"11.085997,104.961838",10200,305,7
1727773444,2024-10-01T09:04:04Z,UAE348,"11.107407,104.964706",9850,304,7
1727773460,2024-10-01T09:04:20Z,UAE348,"11.128871,104.967567",9525,303,7
1727773472,2024-10-01T09:04:32Z,UAE348,"11.145676,104.969772",9250,302,7
1727773487,2024-10-01T09:04:47Z,UAE348,"11.167184,104.972679",8950,300,7
1727773502,2024-10-01T09:05:02Z,UAE348,"11.18811,104.975502",8650,299,7
1727773518,2024-10-01T09:05:18Z,UAE348,"11.209076,104.97834",8350,296,7
1727773530,2024-10-01T09:05:30Z,UAE348,"11.226059,104.980667",8150,294,7
1727773545,2024-10-01T09:05:45Z,UAE348,"11.246695,104.983475",7850,292,7
1727773561,2024-10-01T09:06:01Z,UAE348,"11.267038,104.986168",7500,291,7
1727773576,2024-10-01T09:06:16Z,UAE348,"11.287582,104.988808",7150,293,7
1727773591,2024-10-01T09:06:31Z,UAE348,"11.307725,104.991516",6900,290,7
1727773606,2024-10-01T09:06:46Z,UAE348,"11.328347,104.994217",6650,286,7
1727773622,2024-10-01T09:07:02Z,UAE348,"11.348738,104.996964",6350,285,7
1727773634,2024-10-01T09:07:14Z,UAE348,"11.36499,104.99913",6125,284,7
1727773649,2024-10-01T09:07:29Z,UAE348,"11.384583,105.00174",5800,283,7
1727773665,2024-10-01T09:07:45Z,UAE348,"11.405019,105.004433",5500,282,7
1727773677,2024-10-01T09:07:57Z,UAE348,"11.420847,105.006508",5250,282,7
1727773692,2024-10-01T09:08:12Z,UAE348,"11.440659,105.009216",5000,280,7
1727773708,2024-10-01T09:08:28Z,UAE348,"11.459997,105.011803",4825,273,7
1727773717,2024-10-01T09:08:37Z,UAE348,"11.471649,105.013336",4750,270,7
1727773726,2024-10-01T09:08:46Z,UAE348,"11.482854,105.014893",4650,266,7
1727773732,2024-10-01T09:08:52Z,UAE348,"11.49021,105.0159",4600,263,7
1727773742,2024-10-01T09:09:02Z,UAE348,"11.501801,105.017441",4475,259,7
1727773750,2024-10-01T09:09:10Z,UAE348,"11.512024,105.018829",4400,254,7
1727773759,2024-10-01T09:09:19Z,UAE348,"11.522517,105.020241",4325,249,7
1727773769,2024-10-01T09:09:29Z,UAE348,"11.533363,105.021637",4250,243,7
1727773775,2024-10-01T09:09:35Z,UAE348,"11.539764,105.022476",4225,241,7
1727773785,2024-10-01T09:09:45Z,UAE348,"11.55043,105.023949",4150,235,7
1727773794,2024-10-01T09:09:54Z,UAE348,"11.560131,105.025299",4025,230,7
1727773803,2024-10-01T09:10:03Z,UAE348,"11.569674,105.02655",3850,224,7
1727773812,2024-10-01T09:10:12Z,UAE348,"11.579124,105.027756",3700,219,7
1727773821,2024-10-01T09:10:21Z,UAE348,"11.587969,105.028908",3575,213,7
1727773827,2024-10-01T09:10:27Z,UAE348,"11.593788,105.029732",3500,209,7
1727773836,2024-10-01T09:10:36Z,UAE348,"11.602615,105.029816",3325,205,356
1727773842,2024-10-01T09:10:42Z,UAE348,"11.608173,105.028671",3200,203,347
1727773846,2024-10-01T09:10:46Z,UAE348,"11.611038,105.027641",3125,202,340
1727773848,2024-10-01T09:10:48Z,UAE348,"11.61348,105.026451",3075,202,335
1727773852,2024-10-01T09:10:52Z,UAE348,"11.615982,105.02494",3000,201,329
1727773855,2024-10-01T09:10:55Z,UAE348,"11.618362,105.023186",2950,201,324
1727773857,2024-10-01T09:10:57Z,UAE348,"11.619919,105.021912",2900,201,321
1727773861,2024-10-01T09:11:01Z,UAE348,"11.622697,105.019417",2850,202,318
1727773864,2024-10-01T09:11:04Z,UAE348,"11.624817,105.017456",2825,201,318
1727773866,2024-10-01T09:11:06Z,UAE348,"11.626143,105.016235",2800,201,317
1727773868,2024-10-01T09:11:08Z,UAE348,"11.627725,105.014748",2800,202,317
1727773873,2024-10-01T09:11:13Z,UAE348,"11.6315,105.011116",2775,203,316
1727773876,2024-10-01T09:11:16Z,UAE348,"11.633497,105.009155",2775,202,315
1727773879,2024-10-01T09:11:19Z,UAE348,"11.635546,105.007133",2775,203,315
1727773882,2024-10-01T09:11:22Z,UAE348,"11.63768,105.005051",2775,204,315
1727773886,2024-10-01T09:11:26Z,UAE348,"11.639642,105.003082",2775,203,315
1727773894,2024-10-01T09:11:34Z,UAE348,"11.645461,104.997208",2775,196,315
1727773904,2024-10-01T09:11:44Z,UAE348,"11.651505,104.991081",2775,186,315
1727773913,2024-10-01T09:11:53Z,UAE348,"11.656631,104.985397",2775,178,309
1727773916,2024-10-01T09:11:56Z,UAE348,"11.658051,104.983315",2800,178,304
1727773919,2024-10-01T09:11:59Z,UAE348,"11.659241,104.981041",2800,178,298
1727773922,2024-10-01T09:12:02Z,UAE348,"11.660294,104.97863",2800,178,293
1727773925,2024-10-01T09:12:05Z,UAE348,"11.66101,104.976151",2800,176,287
1727773927,2024-10-01T09:12:07Z,UAE348,"11.661242,104.975037",2800,176,284
1727773931,2024-10-01T09:12:11Z,UAE348,"11.66153,104.971764",2775,176,275
1727773934,2024-10-01T09:12:14Z,UAE348,"11.661196,104.969116",2775,176,266
1727773936,2024-10-01T09:12:16Z,UAE348,"11.66066,104.96698",2775,177,256
1727773940,2024-10-01T09:12:20Z,UAE348,"11.659614,104.964485",2775,178,247
1727773943,2024-10-01T09:12:23Z,UAE348,"11.658325,104.962334",2775,178,240
1727773946,2024-10-01T09:12:26Z,UAE348,"11.656769,104.960114",2800,178,234
1727773949,2024-10-01T09:12:29Z,UAE348,"11.655258,104.958214",2800,177,231
1727773952,2024-10-01T09:12:32Z,UAE348,"11.653608,104.956245",2800,177,230
1727773955,2024-10-01T09:12:35Z,UAE348,"11.651932,104.954369",2775,178,227
1727773958,2024-10-01T09:12:38Z,UAE348,"11.650223,104.952538",2750,177,227
1727773961,2024-10-01T09:12:41Z,UAE348,"11.648581,104.950806",2725,178,226
1727773964,2024-10-01T09:12:44Z,UAE348,"11.646811,104.948875",2675,177,226
1727773967,2024-10-01T09:12:47Z,UAE348,"11.645042,104.946999",2650,177,226
1727773970,2024-10-01T09:12:50Z,UAE348,"11.643356,104.945198",2600,177,226
1727773973,2024-10-01T09:12:53Z,UAE348,"11.641663,104.943398",2550,178,226
1727773976,2024-10-01T09:12:56Z,UAE348,"11.639786,104.94136",2500,178,226
1727773986,2024-10-01T09:13:06Z,UAE348,"11.634384,104.935677",2375,180,226
1727773994,2024-10-01T09:13:14Z,UAE348,"11.629257,104.930275",2250,179,225
1727774004,2024-10-01T09:13:24Z,UAE348,"11.623954,104.924736",2100,173,225
1727774013,2024-10-01T09:13:33Z,UAE348,"11.619095,104.91967",1975,172,225
1727774022,2024-10-01T09:13:42Z,UAE348,"11.613922,104.914322",1825,170,226
1727774031,2024-10-01T09:13:51Z,UAE348,"11.608749,104.90892",1700,172,225
1727774037,2024-10-01T09:13:57Z,UAE348,"11.605333,104.905365",1600,172,225
1727774046,2024-10-01T09:14:06Z,UAE348,"11.600189,104.899971",1450,171,225
1727774055,2024-10-01T09:14:15Z,UAE348,"11.595154,104.894806",1300,169,225
1727774065,2024-10-01T09:14:25Z,UAE348,"11.590302,104.88974",1200,161,226
1727774073,2024-10-01T09:14:33Z,UAE348,"11.585632,104.884819",1075,165,225
1727774083,2024-10-01T09:14:43Z,UAE348,"11.5808,104.879875",950,166,225
1727774091,2024-10-01T09:14:51Z,UAE348,"11.575912,104.874763",850,163,225
1727774101,2024-10-01T09:15:01Z,UAE348,"11.570892,104.869522",700,161,226
1727774110,2024-10-01T09:15:10Z,UAE348,"11.56604,104.86441",600,159,226
1727774119,2024-10-01T09:15:19Z,UAE348,"11.561341,104.859589",475,159,225
1727774128,2024-10-01T09:15:28Z,UAE348,"11.556826,104.854866",350,154,226
1727774138,2024-10-01T09:15:38Z,UAE348,"11.552171,104.849998",225,154,225
1727774148,2024-10-01T09:15:48Z,UAE348,"11.547888,104.845612",200,111,226
1727774155,2024-10-01T09:15:55Z,UAE348,"11.545805,104.843399",0,80,225
1727774162,2024-10-01T09:16:02Z,UAE348,"11.544216,104.841759",0,68,225
1727774169,2024-10-01T09:16:09Z,UAE348,"11.542813,104.840302",0,53,225
1727774176,2024-10-01T09:16:16Z,UAE348,"11.541882,104.839348",0,37,225
1727774184,2024-10-01T09:16:24Z,UAE348,"11.541289,104.838707",0,21,227
1727774189,2024-10-01T09:16:29Z,UAE348,"11.541183,104.838432",0,12,247
1727774194,2024-10-01T09:16:34Z,UAE348,"11.541289,104.838142",0,12,284
1727774200,2024-10-01T09:16:40Z,UAE348,"11.541545,104.837906",0,13,312
1727774205,2024-10-01T09:16:45Z,UAE348,"11.541756,104.8377",0,12,315
1727774211,2024-10-01T09:16:51Z,UAE348,"11.541996,104.837502",0,11,320
1727774215,2024-10-01T09:16:55Z,UAE348,"11.542209,104.83741",0,11,334
1727774221,2024-10-01T09:17:01Z,UAE348,"11.542453,104.837456",0,11,2
1727774226,2024-10-01T09:17:06Z,UAE348,"11.542671,104.837616",0,11,28
1727774231,2024-10-01T09:17:11Z,UAE348,"11.542871,104.837852",0,12,45
1727774237,2024-10-01T09:17:17Z,UAE348,"11.543081,104.838074",0,12,45
1727774241,2024-10-01T09:17:21Z,UAE348,"11.543278,104.83828",0,13,45
1727774247,2024-10-01T09:17:27Z,UAE348,"11.543524,104.838539",0,14,45
1727774254,2024-10-01T09:17:34Z,UAE348,"11.543873,104.838905",0,15,45
1727774261,2024-10-01T09:17:41Z,UAE348,"11.544245,104.839287",0,16,45
1727774268,2024-10-01T09:17:48Z,UAE348,"11.544685,104.83976",0,18,45
1727774276,2024-10-01T09:17:56Z,UAE348,"11.545155,104.840233",0,19,45
1727774283,2024-10-01T09:18:03Z,UAE348,"11.545584,104.840683",0,18,45
1727774289,2024-10-01T09:18:09Z,UAE348,"11.545933,104.841049",0,17,45
1727774296,2024-10-01T09:18:16Z,UAE348,"11.546363,104.841507",0,18,45
1727774303,2024-10-01T09:18:23Z,UAE348,"11.546794,104.841949",0,18,45
1727774310,2024-10-01T09:18:30Z,UAE348,"11.547249,104.842407",0,17,45
1727774317,2024-10-01T09:18:37Z,UAE348,"11.547631,104.842819",0,18,45
1727774324,2024-10-01T09:18:44Z,UAE348,"11.548084,104.843285",0,18,45
1727774332,2024-10-01T09:18:52Z,UAE348,"11.548528,104.843742",0,18,45
1727774340,2024-10-01T09:19:00Z,UAE348,"11.548959,104.844193",0,0,45
1727774347,2024-10-01T09:19:07Z,UAE348,"11.54932,104.844574",0,15,45
1727774353,2024-10-01T09:19:13Z,UAE348,"11.54961,104.844879",0,13,45
1727774360,2024-10-01T09:19:20Z,UAE348,"11.549881,104.845154",0,12,45
1727774367,2024-10-01T09:19:27Z,UAE348,"11.550121,104.845406",0,11,45
1727774375,2024-10-01T09:19:35Z,UAE348,"11.550355,104.84565",0,7,45
1727774382,2024-10-01T09:19:42Z,UAE348,"11.550565,104.845695",0,7,22
1727774389,2024-10-01T09:19:49Z,UAE348,"11.550786,104.84565",0,7,357
1727774399,2024-10-01T09:19:59Z,UAE348,"11.551053,104.845505",0,6,337
1727774408,2024-10-01T09:20:08Z,UAE348,"11.551254,104.845367",0,5,331
1727774423,2024-10-01T09:20:23Z,UAE348,"11.55154,104.845207",0,0,329
1727774441,2024-10-01T09:20:41Z,UAE348,"11.551758,104.845085",0,2,329
